<?xml version="1.0" encoding="UTF-8" ?>
<XMLDB PATH="local/attendence/db" VERSION="2022042600" COMMENT="XMLDB file for local attendence plugin"
    xmlns:xsi="http://www.w3.org/2001/XMLSchema-instance"
    xsi:noNamespaceSchemaLocation="../../../lib/xmldb/xmldb.xsd">

  <TABLES>
    <TABLE NAME="local_attendence" COMMENT="each record is a attendence">
      <FIELDS>
        <FIELD NAME="id" TYPE="int" LENGTH="10" NOTNULL="true" SEQUENCE="true"/>
        <FIELD NAME="uname" TYPE="char" LENGTH="255" NOTNULL="true" SEQUENCE="false"/>
        <FIELD NAME="date" TYPE="int" LENGTH="20" NOTNULL="true" SEQUENCE="false"/>
        <FIELD NAME="status" TYPE="char" LENGTH="255" DEFAULT="0" NOTNULL="true" SEQUENCE="false"/>
        <FIELD NAME="feedback" TYPE="char" LENGTH="255" NOTNULL="true" SEQUENCE="false"/>
       </FIELDS>
      <KEYS>
        <KEY NAME="primary" TYPE="primary" FIELDS="id"/>
      </KEYS>
    </TABLE>

  </TABLES>
</XMLDB>
